cluster_id	splitr_sequence	splitr_count	splitr_span_pvalue	splitr_pos_pvalue	splitr_min_pvalue	adjacent	altsplice	break_adj_entropy1	break_adj_entropy2	break_adj_entropy_min	break_predict	breakpoint_homology	breakseqs_estislands_percident	cdna_breakseqs_percident	concordant_ratio	deletion	est_breakseqs_percident	eversion	exonboundaries	expression1	expression2	gene1	gene2	gene_align_strand1	gene_align_strand2	gene_chromosome1	gene_chromosome2	gene_end1	gene_end2	gene_location1	gene_location2	gene_name1	gene_name2	gene_start1	gene_start2	gene_strand1	gene_strand2	genome_breakseqs_percident	genomic_break_pos1	genomic_break_pos2	genomic_strand1	genomic_strand2	interchromosomal	interrupted_index1	interrupted_index2	inversion	library_name	max_map_count	max_repeat_proportion	mean_map_count	min_map_count	num_multi_map	num_splice_variants	orf	read_through	repeat_proportion1	repeat_proportion2	span_count	span_coverage1	span_coverage2	span_coverage_max	span_coverage_min	splice_score	splicing_index1	splicing_index2	probability
833	CCCGTTTGCACATCCCTTTGGAACTGTTTCCTGTGAGTACATGCTGGGGTCTCCCCTTTCTTCCCTTGCTCAGGTGAATCTCAGCCCCTTCTCCCACCCAAAGGTTCACATGGATCCTAACTACTGCCACCCTTCCACCTCCCTGCACCTGTGCTCCCTGGCCTGGTCCTTTACCAGGCTTCTCCACCCTCCCCTATCTCCAGGTATTTCCCAGGTGGTGAAGG|CGCGGCTCCTCACCTTCGCCTCCCAGCTCAAGGCTGGCAAGGGCCTGACCATTGTTGGTTCTGTCATCCAGGGGAGCTTCTTGGAGAGCTATGGCGAGGCTCAGGCCGCCGAGCAGACACCGTGCGCTGCACTACGGCTGCCCACCTGGCCCTGCTCGTGCCCAAGAACATCGCCTTCTACCCCAGCAACCACGAGCGCTACCTGGAGGGCCACATAGACGTGTGGTGGATCGTGCACGATG	50	1	0.987418171579338	0.315962877902725	N	N	3.39384326095097	3.30016202126533	3.30016202126533	splitr	7	0	0.0267857142857143	0	N	0.0267857142857143	N	N	672	893	ENSG00000175182	ENSG00000124067	+	-	3	16	185546759	66560026	coding	coding	FAM131A	SLC12A4	185536415	66535731	+	-	0.0267857142857143	185542568	66538456	+	+	Y	-	-	N	simulation	1	0	1	1	0	1	Y	N	0	0	104	1.20198427092154	1.35690668806254	1.35690668806254	1.20198427092154	2	-	-	0.872821763276767
763	CATAAAGACCATTCCTACTGGGATATGGCCTCTGCCAATTTCAAGCACGCTATTGGTCTGTCCTGTGAGCTGGTGGTGGAGCACATTCAAAGCTTTCTACATTCAGATATCAGGTACGAGAGCATGATCAATACCATGCTGAAGGACCTCTTTGAGTTGCTGGTCGCCTGTGTGGCCAAGCCCACTGAAACCATCTCCAGAGTGGGCTGCTCCTGTATTA|GGAGCAATTTACAGCAATGAGGGATTTATACATGAAAAATGGACAAGGATTTGCATTAGTTTATTCCATCACAGCACAGTCCACATTTAACGATTTACAAGACCTGAGAGAACAGATTCTTCGAGTTAAAGACACTGATGATGTTCCAATGATTCTTGTTGGTAATAAGTGTGACTTGGAAGATGAAAGAGTTGTAGGGAAGGAACAAGGTCAAAATCTAGCAAGACAAT	32	1	0.845633113260167	0.267227917520667	N	N	3.56807857436608	3.09446475468366	3.09446475468366	splitr	1	0	0	0	N	0.00454545454545452	N	Y	1436	343	ENSG00000112379	ENSG00000127314	+	-	6	12	138701629	67340554	coding	coding	KIAA1244	RAP1B	138524917	67290955	+	+	0	138684055	67334159	+	-	Y	-	-	N	simulation	4	0	2.36	1	49	1	N	N	0	0	50	1.18595781397592	1.26609009870402	1.26609009870402	1.18595781397592	4	-	-	0.929094580955604
877	ACCCCTTGGTTACAAATGCAATTTCCAAAAATAAAAGATATGTAGATACACATAGATTGGTAGCATGGATACCATGAACTAGTGTGGCCTAGTGCAGAAAGCTCCCAGCAGGCCTGAAATTCTGAGGATTCAGGCTATGTGGTCTCCAGGAGTTGCCGCTCAGGGAAAACCCCACCCCCAGGCAGACATATTCGAATCAAAATTTAATTC|TAGGCTGGCATCCCCTCCCCGCAGCAGCCCCGGCGGCTTGTAGGTGAAAGCCAGGGTTGCTGGCACAGCCACACCACCCTGCTGGGCCAGCAACTGCCTTGTCAGCAGCCGGTCCTCCAGCAGCCGGGCCAGCTCAGCCGAAGCTCCTGTGGGGCAGGTCAGGTCACGGGCGAGTTCTGCTGCCTCTCGGCCC	5	0.861140023216359	0.846358466935928	0.938750207255329	N	N	3.23640338425519	3.18188898491428	3.18188898491428	splitr	1	0	0	0	N	0	N	N	85	67	ENSG00000109705	ENSG00000172508	-	+	4	11	13155212	66949652	utr3p	utr5p	BAPX1	ATPGD1	13151552	66939721	-	+	0	13152429	66943185	+	+	Y	-	9.02395209580838	N	simulation	1	0	1	1	0	1	N	N	0	0	14	1.18595781397592	1.02035109220451	1.18595781397592	1.02035109220451	2	-	0	0.831188832736828
955	GTGGCTGCGGCGGCTGGGGCCATATGATGGGTGATGAGGGTTCAGCCTACTGGATCGCACACCAAGCAGTGAAAATAGTGTTTGACTCCATTGACAACCTAGAGGCGGCTCCTCATGATATCGGCTACGTCAAACAGGCCATGTTCCACTATTTCCAGGTGCCAGATCGGCTAGGGATACTCACTCACCTGTATAGGGACTTTGATAAATGCAGGTTTGCTGGGTTTTGCCGGAAAATTGCAGAAGGTGC|TCCGCTACAGGAAGGTGGTCATCCTCGGATACCGCTGTGTAGGGAAGACATCTTTGGCACATCAATTTGTGGAAGGCGAGTTCTCGGAAGGCTACGATCCTACAGTGGAGAATACTTACAGCAAGATAGTGACTCTTGGCAAAGATGAGTTTCACCTACATCTGGTGGACACAGCAGGGCAGGATGAGTACAGCATTCTGCCCTATTCATTCATCATTGGGGTCCATGGTTATGTGC	30	0.654230900966268	0.743779144237615	0.18591613769149	N	N	3.26936241550807	3.82336247505061	3.26936241550807	splitr	2	0	0.00843881856540085	0	N	0.00843881856540085	N	N	377	367	ENSG00000124357	ENSG00000167550	+	-	2	12	71159279	47750042	coding	coding	NAGK	RHEBL1	71148955	47744735	+	-	0	71157245	47749825	+	+	Y	-	-	N	simulation	1	0	1	1	0	1	N	N	0	0	57	1.36759099269295	1.18061566166071	1.36759099269295	1.18061566166071	2	-	-	0.812701537683402
460	CTGTCGTCACAGTTAGTTTTACATGTGGCACCCATAAAAGATGAGGCTGAGAACACGGAAAGCTTCTCAGCAGTCAAATCAAATCCAAACACAACGCACTGCCAGAGCAAAGAGGAAATATTCAGAGGTTGATGATAGCCTGCCTTCAGGAGGAGAAAAACCATCGAAGAATGAAACCGGCTTGTTGTCTTCAATTAAAAAATTTATTAAAGGAAGCACACCTAA|GGAATTACAACTATTTGCCATTTGAGGCTAAGAAGCCCTGTGTCTATTTCATCAGCTCTTGGGGAGACCAGACCTTCAGGCTGCACTGGTCCAACATGCTGGAGAAAATGGCAGACTTCCTGGAAGAAAGTATAGAAGAAGTGAGAGAATTGATCAAGATTTCACAGGAGGCACCTGAAGAGAAAATGAAAACAGTGCTCAGTGACTTCATCAGTCGGAGCAGTGCCTTTATCTCTGAAGCAG	32	0.909773281125704	0.811246113246475	0.67955035984394	N	N	3.38020046670381	3.49321486824957	3.38020046670381	splitr	5	0	0.00444444444444458	0	N	0	N	Y	183	1810	ENSG00000137770	ENSG00000214814	+	-	15	8	42606722	125201483	coding	coding	CTDSPL2	FER1L6	42506871	125037406	+	+	0	42538690	125092015	+	-	Y	-	-	N	simulation	3	0	1.27272727272727	1	14	1	N	N	0	0	55	1.23403718481278	1.28745870796485	1.28745870796485	1.23403718481278	4	-	-	0.931964985501548
727	GCGAGTAAAACTGAAGAAAGAAGGATATTCTAATATTTCTTATATTGTTGTTAATCATCAAGGAATCTCTTCTCGATTAAAATACACACATCTTAAGAATAAGGTTTCAGAGCATATTCCTGTTTATCAACAAGAAGAAAACCAAACAGATGTCTGGACTCTTTTAAATGGAAGCAAAGATGACTTCCTCATATATGATAG|ATATTAGGATCAAGGAAGAAGAACCTGATCCTGAAGAGTGGCAGCTCAGTGGTGATTCTACCTTGAATACCAATGACCTAACACACTTAAGAGTACAGGTGGTAGATGAAGAAGGGGACCAACAACATCAAGAAGGAAAAAGACTTCGGAGGGTAGCTTGCACCTGTCCCAACTGTAAAGAAGGTGGTGGAAGAGGTACCAATCTTGGGAA	18	0.957754173515471	0.992033280311415	0.769277807704535	N	N	3.42936294528359	3.50268972052044	3.42936294528359	splitr	4	0	0.00995024875621886	0	N	0.00995024875621886	N	Y	24	403	ENSG00000211446	ENSG00000172845	+	-	5	2	42844212	174538676	coding	coding	SEPP1	SP3	42836579	174481505	-	-	0	42842755	174491759	-	+	Y	-	-	N	simulation	2	0	1.17857142857143	1	5	1	N	N	0	0	28	1.06308831072616	1.11650983387823	1.11650983387823	1.06308831072616	4	-	-	0.923699156728587
944	GGTGCCAATATGAACCAGACTACAGAGACAACTGTGGCGTCACCGCCTTGATGGACGCAATCCAGTGTGGGCACATCGACGTCGCTAGGCTGCTCCTCGATGAACATGGGGCTTGCCTTTCAGCAGAAGACAGCCTGGGTGCCCAGGCTCTGCACAGGGCAGCTGTCACAGGGCAGGACGAAGCCATCCGATTCTTGGTCTCTGAACTTGGCGTCGATGTAGATGTGAGAGCCACAT|ACACACTCCAATGTACTTCTTCCTCAGTCACCTCTCCTTTGTAGATCTCTGTTATACCACCAATGTTACTCCTCAGATGCTGGTTAACTTTTTATCCAAGAGAAAAACCATTTCCTTCATCGGCTGCTTTATCCAATTTCACTTTTTCATTGCACTGGTGATTACAGATTATTATATGCTCACAGTGATGGCTTATGACCGCTACATGGCCATCTGCAAGCCCTTGTTATATGGAAGCAAAATGACCAGGAGAGTTT	81	1	0.759420577348276	0.523682030718814	N	N	3.79209886097693	3.16841402453646	3.16841402453646	splitr	1	0	0.00421940928270059	0	N	0	N	N	1136	553	ENSG00000134461	ENSG00000166693	+	-	10	11	5971807	56137554	coding	coding	ANKRD16	OR5M1	5943697	56066392	-	-	0	5965010	56122250	-	+	Y	-	-	N	simulation	2	0.00403225806451613	1.07746478873239	1	11	1	N	N	0.00403225806451613	0	142	1.3248537741713	1.43703897279064	1.43703897279064	1.3248537741713	1	-	-	0.788229675433529
924	TGTGGCGGCGGCGGCCTCGAGGTGACAACTGTCTCCGTCGCAGGCTCCGGCGGGGGCGCAGGAGGTCGCCCGGCGCGTCACTGTCGGGTCGGCGAGCCACGGGGGCCGCCGCAGCACCATGGCGACCACCGTCAGCACTCAGCGCGGGCC|GCTTCCAATTGTGGACAAGATAAGGACCATTGCCCAGGCTGTCTATGGAGCCAAAGATATCGAACTCTGTCCTGAGGCACAAGTCAAAATAGATCGTTACACTCAGCAGGGTTTTGGAAATTTGCCCATCTGCATGGCAAAGACCGATCTTTCTCTGTCTCACCAACCTGACAAAAAAGGTGTGCCAAGGGACTTCATCTTACC	12	0.86463772818466	0.310855253112679	0.386824188623999	N	N	3.30224174117424	3.74490504608447	3.30224174117424	splitr	1	0	0	0	N	0	N	Y	0	5	ENSG00000078902	ENSG00000182021	+	-	11	9	1287428	68945535	coding	utr5p	TOLLIP	AL445665.20	1252178	68940083	-	+	0	1287272	68942892	-	-	Y	-	-	N	simulation	6	0	4.25	3	20	1	Y	N	0	0	20	0.828033608857062	1.08445691998699	1.08445691998699	0.828033608857062	4	-	-	0.93378771268452
844	TCCTCACAATTACTCTACAGCTCAGAACACCAACTGCTGAGGCTGCCTTGGGAAGAGGATGATCCTAAACAAAGCTCTGCTGCTGGGGGCCCTCGCTCTGACCACCGTGATGAGCCCCTGTGGAGGTGAAGACATTGTGGC|AAGCCCTCGCAGGGAGCCTGGTAGCAGGGGCCGGAAGCACAGTAGAGACGGACCTGTTTAAGAGGCAGCAGGCGATGCCCTCCACAGGTATGGCAGGAGGAATGCCCCCCACGCCGCAGGCCGCGCAGCTCGCTGGACAGAGGCAGAGTCAGCAGCAGTATGACCCCTCCACGGGGCCTCCCGTGCAGAACGCTGCCAGCTTGCACACCCCACTGCCGCAGCTGCCCGGGAGGCTGCCCCCA	24	0.989806141173584	0.627918412919724	0.521806629499513	N	N	3.48908677906663	3.33680806132368	3.33680806132368	splitr	2	0	0.0141843971631206	0	N	0.0141843971631206	N	Y	0	5265	ENSG00000196735	ENSG00000183495	+	-	6	12	32719407	131130958	coding	coding	HLA-DQA1	EP400	32713112	131000461	+	+	0	32713295	131030195	+	-	Y	-	-	N	simulation	4	0	1.42857142857143	1	22	1	N	N	0	0	56	0.7799542380202	1.26074794638882	1.26074794638882	0.7799542380202	4	-	-	0.96447935669426
785	CAATGCGACAAGGCCAGATGACATCCACCTGCTGTACTCAGGGAAGACGGTGGAAATCAACAACACGGATGCCGAGGGCAGGCTGGTGCTGGCAGATGGCGTGTCCTATGCTTGCAAGGACCTGGGGGCCGACATCATCCTGGACATGGCCACCCTGACCGGGGCTCAGGGCATTGCCACAGGGAAGTACCACGCCGCGGTGCTCACCAACAGCGCTGAGTGGGAGGCCGCCTGTG|GGGGAGGAGTTGGAGAGCACAGTTGCCCCGTTGTGTGAGGGCAGTAGTAGGCATCTGGAATGCTCCAGTTTGATCTCCCTTCTGCCACCCCTACCTCACCCCTAGTCACTCATATCGGAGCCTGGACTGGCCTCCAGGATGAGGATGGGGGTGGCAATGACACCCTGCAGGGGAAAGGACTGCCCCCCATGCACCATTGCAGGGAGGATGCCGCCACCATGAGCTAGGTGGAGTAACTGGTTTTTCTTGGGTGGCTGATGACATGGATGCAG	17	0.713238226258991	0.450113185283656	0.729853723671225	N	N	3.4985040082784	3.15017071009399	3.15017071009399	splitr	0	0	1.11022302462516e-16	0	N	1.11022302462516e-16	N	N	83	78	ENSG00000124222	ENSG00000062282	+	-	20	11	56723873	75190227	utr3p	utr3p	STX16	DGAT2	56659734	75157456	+	+	1.11022302462516e-16	56722446	75189650	+	-	Y	-	-	N	simulation	1	0	1	1	0	1	N	N	0	0	47	1.30348516491047	1.39964390658419	1.39964390658419	1.30348516491047	1	-	-	0.643557878641112
696	GCTTGTTAGAGCTGAGCTGCCCTACTACAGCAGCTGCCGGCCCCTAGGACAGAGCAGGGACCTCAACTACACTGATCACCAGCCCCATCGGATCCAGACCCGGCCACCAGCTCTGGCTCGTCTTGCCCCAGTGCCATGA|CCTGCTGGGGGGCTCCCTGGGCCTGATGTTCTGCCTGATTGCTTTGAGCACCGATTTCTGGTTTGAGGCTGTGGGTCCCACCCACTCAGCTCACTCGGGCCTCTGGCCAACAGGGCATGGGGACATCATATCAGGCTACATCCACGTGACGCAGACCTTCAGCATTATGGCTGTTCTGTGGGCCCTGGTGTCCGTGAGCTTCCTGGTCCTGTCCTGCTTCCCCTCACTGTTCCCCCCAGGCCACGGCCCGCT	8	1	0.84555155737718	0.62452631106637	N	N	3.51207644450867	2.91502842952237	2.91502842952237	splitr	3	0	0	0	N	0	N	N	0	62	ENSG00000149452	ENSG00000105374	+	-	11	19	62539887	56567772	coding	coding	SLC22A8	NKG7	62516873	56566686	-	-	0	62539003	56567578	-	+	Y	-	-	N	simulation	1	0	1	1	0	1	N	N	0	0	19	0.7799542380202	1.28211655564964	1.28211655564964	0.7799542380202	2	-	-	0.85224367282635
351	GTCCCGGAGACAATGACATCTTTGAATCGCTGTACTACAGGAAGATGTACGGAGACATGGCATGAAGCCAGAGAGTGAGAGACATTAACTCATTAGACTGGAACTTGAACTGATTCACATCTCATTTTTCCGTAAAAATGATTTCAGTAGCACAAGTTATTTAAATCTGTTTTTCTAACTGGGGGAAAAGATTCCCACCCAATTCAAAACATTGTGCCATGTCAAACAAATAGTCTATCAACCCCAGACACTGGTTTG|GGCGGAACGTGATCAGCGAGAGGGAGCGCAGGAAGCGGATGTCGTTGAGCTGTGAGCGTCTGCGGGCCCTGCTGCCCCAGTTCGATGGCCGGCGGGAGGACATGGCCTCGGTCCTGGAGATGTCTGTGCAGTTCCTGCGGCTTGCCAGCGCCCTGGGGCCCAGTCAGGAGCAGCACGCTATTCTTGCTTCCTCCAAGGAAATGTGGCACTCGTTGCAGGAGGATGTTTTACAGTTGACGTTGTCGAGTCAGATTCAAGCAGGT	75	0.969824955388338	0.737827568032781	0.584387994092068	N	N	3.42576922243396	3.20141290858269	3.20141290858269	splitr	0	0	0	0	N	0	N	N	1056	1405	ENSG00000118523	ENSG00000165643	+	-	6	9	132314211	137731199	utr3p	coding	CTGF	SOHLH1	132311014	137725078	-	-	0	132311904	137730692	-	+	Y	-	-	N	simulation	1	0	1	1	0	1	Y	N	0	0	120	1.38895960195378	1.43703897279064	1.43703897279064	1.38895960195378	2	-	-	0.858486407878953
914	CCTCTGATCCAAGCCACCTCCCGCCAGAGAGGTGTCATGGGCTTCCAAAAGTTCTCCCCCTTCCTGGCTCTCAGCATCTTGGTCCTGTTGCAGGCAGGCAGCCTCCATGCAGCACCATTCAGGTCTGCCCTGGAGAGCAGCCCAGCAGACCCGGCCACGCTCAGTGAGGACGAAGCGCGCCTCCTGCTGGCTGCACTGGTGCAGAACTATGTGCAGATGAAGGCCAGTGAGCTGGAGCAGGAGCAAGAGAG|TGGACCGCTTCAAGGAAAGCCTCACTCTCAACGTGCAGTATGAGCCTGAGGTAACCATTGAGGGGTTTGATGGCAACTGGTACCTGCAGCGGATGGACGTGAAGCTCACCTGCAAAGCTGATGCTAACCCCCCAGCCACTGAGTACCACTGGACCACGCTAAATGGCTCTCTCCCCAAGGGTGTGGAGGCCCAGAACAGAACCCTCTTCTTCAAGGGACCCATCAACTACA	63	0.962126463551512	0.935068570787551	0.482384755696694	N	N	3.04859982450642	3.73912139251568	3.04859982450642	splitr	0	0	1.11022302462516e-16	0	N	0	Y	N	36	345	ENSG00000110680	ENSG00000110400	+	-	11	11	14950408	119104645	coding	coding	CALCA	PVRL1	14944792	119014018	-	-	0	14948069	119053513	-	+	N	-	-	N	simulation	3	0.00784313725490196	1.41269841269841	1	28	1	N	N	0.00784313725490196	0	126	1.36224884037775	1.2500636417584	1.36224884037775	1.2500636417584	1	-	-	0.813037791981927
966	ACCAAGCTGACGCGGTCACTGCCCTGCCAGGTCTACGTGAATCATGGCGAGAACCTGAAGACGGAGCAGTGGCCCCAGAAGCTGATCATGCAGCTCATCCCCCAGCAGCTGCTGACCACCCTGGGCCCTTTGTTCCGGAACTCAAGGATGGTCCAGTTCCATTTCACCAACAAGGACCTGGAGTCTCTCAAAGGCCTCTACCGCATCATGGGCAACGGCTTCG|AAAAATCCCTCTGCTTTCTCTGGCCAGTTTCACACAATCATCAGGTGAGCCGAGGATCCATTGGAGGAAGGCATTATCTGTATCCAGAGGAAATAGCCAAGGATATTCAGAGGTGTGCCTGGGAAGTTTGAGCTGCAGCAGTGGAACCTTAATGCCCAGGATGATCCTGTCTAACACCACAGCGGTGACGCCCTTTCTGACCAAGCTGTGGCAGGAGACAGTTCAGCAGGGTGGCAACATGTCGGGCCTGGCCCGCAGGT	32	1	0.534647521826044	0.42214887596734	N	N	3.45976132345673	3.18512133297314	3.18512133297314	splitr	1	0	0.00448430493273544	0	N	0.00448430493273544	N	Y	609	1294	ENSG00000104973	ENSG00000180509	+	-	19	21	55033848	34806443	coding	utr5p	MED25	KCNE1	55013358	34740858	+	-	0	55027484	34752932	+	+	Y	-	-	N	simulation	2	0	1.03030303030303	1	2	1	N	N	0	0	66	1.20198427092154	1.41032821121461	1.41032821121461	1.20198427092154	4	-	-	0.939243409958746
913	CCCTCCGTGCAGCCGATGATGGCCCTATGGTCCCTGCTCCATCTCACCTTCCTGGGGTTCAGCATTACCTTGCTGTTGGTCCACGGGCAGGGCTTCCAAGGGACAGCAGCCATCTGGCCATCCCTCTTCAACGTCAACTTGTCCAAGAAGGTTCAGGAAAGCATCCAGATCCCGAACAATGGGAGTGCGCCCCTGCTCGTGGATGTGCGGGTGTTTGTCTCCAACGTGTTTAATGTG|GAAAATGCTTCAGTCTCTGGGCAGACCAGAAGTCCACATGGCCCTGGACGTGGTTCTGGTGAGGGGCTCAGGCCAGGAGCATGAAGGGTGCTTGCTGCTGACATCAGAAGTGCTCTTCGTGGTGAGTGTCAGTGAGGACACACAGCAGCAGGCCTTCCCCGTCACAGAAATCGACTGTGCACAGGACAGCAAG	16	0.335805916291845	0.707132979478697	0.658096886997631	N	N	3.26973313786865	3.56232542602083	3.26973313786865	splitr	4	0	0.0103626943005183	0	N	0.0103626943005183	N	Y	4	470	ENSG00000186919	ENSG00000132549	+	-	17	8	71590342	100958983	coding	coding	ZACN	VPS13B	71586904	100094670	+	+	0.00518134715025909	71587239	100952852	+	-	Y	-	-	N	simulation	1	0	1	1	0	1	N	N	0	0	26	1.31951162185609	1.11650983387823	1.31951162185609	1.11650983387823	4	-	-	0.944667329941704
147	CCCTGCAAAAGGATGTTTCCTGTTTTCCATGCTATGTCTGTGAAATACCAAAATGTATTTTTTGCTAATGTGGATGTGAACAATTCTCCGGAGCTGGCTGAAACTTGTCACATCAAAACAATACCCACATTTCAGATGTTCAAGAAAAGCCAGAAGGTAACCCTATTCTCAAGAATCAAAAGAATAATTTGCTGTTATAGAAGTGGATTCATGAGCAACCTGAT|CCATCATGTTACACAAAATGGAGGACTATATAAAAGACCGTTTAATGAAGCTTTTGAAGAAACACCAATGCTGGTTGCTGTGCTCACGTATGTGGGGTATGGCGTACTCACCCTCTTTGGATATCTTCGAGATTTCTTGAGGTATTGGAGAATTGAAAAGTGTCACCATGCAACAGAAAGAGAAGAACAAAAGGACTTTGTGTCATTGTATCAAGATTTTGAAAAC	43	1	0.951510067561822	0.734132716767817	N	N	3.65657572715995	3.56911164413597	3.56911164413597	splitr	3	0	0.013392857142857	0	N	0.013392857142857	N	Y	64	4342	ENSG00000204193	ENSG00000100596	+	-	9	14	112139919	77152863	coding	coding	TXNDC8	SPTLC2	112105622	77043025	-	-	0	112106568	77133476	-	+	Y	-	-	N	simulation	1	0	1	1	0	1	Y	N	0	0	90	1.21801072786716	1.2500636417584	1.2500636417584	1.21801072786716	4	-	-	0.893386635583193
246	CGCGCAGCCCCGCGTCTGCGTCCGGCCGGAGACGCCGGGCCCCGCGCCGCGCCGCGCCATGTCGGTGAACATGGACGAGCTGCGGCACCAGGTCATGATCAACCAGTTCGTGCTGGCCGCGGGCTGCGCGGCCGACCAGGCGAAGCAGTTGCTGCAGGCGGCCCACTGGCAGTTCGAGACCGCGCTGAGCACGTTCTTCCAAGAAACCAACATTCCCAACAGCCACCACCACCACCAGAT|GTGGAGAACCTGAAAAGGAACCTGGAAAGAAGCAGCTGGAAAAGGTGAGAGGAAAACCTAGAGTGTGTGTTATCCTGCAAGCCAATTGAGAATGGAGCTTGCTTGATATTTCACTAGATAAAGAATTTAAGGCGAGTATCTATCTTTGTTCTCCTTGGCAACTGAGAGTCTGCCCTTGGAAACATCAGGCACCATGGGGAAGCGGGATAATCGGG	15	0.939935232153769	0.761454627324512	0.438281698551083	N	N	2.84545386343468	3.12907935032238	2.84545386343468	splitr	1	0	0.00465116279069766	0	N	0.00465116279069766	N	Y	22	539	ENSG00000185262	ENSG00000179083	+	-	17	X	71778968	92853917	coding	utr5p	FAM100B	FAM133A	71773043	92815861	+	+	0.00465116279069766	71773645	92840052	+	-	Y	-	-	N	simulation	2	0.404761904761905	1.21739130434783	1	5	1	N	N	0.261224489795918	0.404761904761905	23	1.30882731722568	1.12185198619344	1.30882731722568	1.12185198619344	4	-	-	0.918207690251782
709	AGCATATAAATTTGCAAAAAATCATGCAAAGCTGGGACTAAAGGAAGTGAAGAGTAAACTAAAACACAAGGAAAATGAAGAAGATTATGGGACCTGTTCTAGTTCTGTACAATATACACCAGTTTACAAATTACACAATGAAAAGGGAGGAAACTCAGAAAAGCGTAAGCTTGCTCAG|CTCAGCCTCGCCCCCGAGGACAGGGTCAGTGTGACCACAGTGACCGTGGGGCTGAGCACAGTGCTGACCTGCGCCGTCCATGGAGACCTGAGGCCACCAATCATCTGGAAGCGCAACGGGCTCACCCTGAACTTCCTGGACTTGGAAGACATCAATGACTTTGGAGAGGATGATTCCCTGTACATCACCAAGGTGACCACCATCCACATGGGCAATTACACCTGCCATGCTTCCGGCCACGAGCAGCTGT	6	0.390729542226643	0.610827802058104	0.899756126197946	N	N	3.29383981146661	3.33424740824394	3.29383981146661	splitr	4	0	0.0224719101123596	0	N	0.0224719101123596	N	Y	20	248	ENSG00000213047	ENSG00000053108	+	-	1	5	196011060	132976122	coding	coding	AL139136.17	FSTL4	195745397	132560051	-	-	0	195775717	132613156	-	+	Y	-	-	N	simulation	1	0	1	1	0	1	Y	N	0	0	7	0.913508045900371	1.03103539683492	1.03103539683492	0.913508045900371	4	-	-	0.934075627309145
872	TCTCCTCTTGTAGCACCCAGTGACTGTGGGGGCCACTACACAGATGAATATGGCAGGATCTTCAACTACGCTGGGCCGAAAACTGAATGCGTCTGGATCATC|AGGATGGGACCTCAAAGAACTGGTTCAAGATTACAATTCCTTATGGCAGAAAGTATGACAAGGCATGGCTCCTGAGCATGATTCAGAGCAAGTGCAGTGTGCCCTTCACCCCTATTGAGTTTCACTATGAGAATACACGGGCCCAGTTCTTCGTTGAAGACGCCAGTACTGCCTCTGCATTGAAGGCTGTCAACTATAAGATTTTGGATCGG	19	0.804892651013438	0.767808423603701	0.737129002695832	N	N	3.56488607910057	3.59681204058356	3.56488607910057	splitr	1	0	0.0098039215686273	0	N	0.0098039215686273	N	N	0	1146	ENSG00000214308	ENSG00000162231	+	-	10	11	124428539	62329540	coding	coding	AL603764.27	NXF1	124426249	62316174	+	-	0.0098039215686273	124426350	62327501	+	+	Y	-	-	N	simulation	1	0	1	1	0	1	N	N	0	0	38	0.539557383835892	0.988298178313267	0.988298178313267	0.539557383835892	1	-	-	0.58201164046713
819	CAGGAGGAGGCCTTGTGGAGCATAGATCTTCTCATTCTGCTCTTGAATGTATTTGGAGACTTTCTTCAGAACCTTCTCATAATGAGTTTCCATGCATAGGAAGATGGTATATGCTGTTAAACAAGCCAAACAACCTTCGAGATATGACTGGCCGCCGAGCTTCTCTGCTTCTGCATAAAGGTTATTTAGAGTTCGAACTGTTTCTTCAAACTGCTGCCTATCAATC|TTTCTGAACGTGGATGATGTCCGGGAAGTTAGCCAGATGCCCCTGATACAGCGCTAATAGGTCCATGACGGGATCCAGGTCCTGCCTGGGCTGCTCCGCGAAGAGCTCGCCAATGGCGTCATAGGCATCTCCGGTGAAGGCGATAGCCTGGTTCAGGCCCACCGAGAAGGCCTGCTGGTCCAGCTCAAAGGCCTGGCTGAGGCCGCGGAAGGACTGGCCCACCTTCTGATACTCCTTTTTGAAGC	70	0.821446212853248	0.9026948161794	0.526284081872944	N	N	3.64297278570613	3.69425483698818	3.64297278570613	splitr	2	0	0.00442477876106195	0	N	0.00442477876106195	N	Y	96	1634	ENSG00000147533	ENSG00000178996	-	+	8	5	41487650	53875478	coding	coding	GOLGA7	SNX18	41467238	53849350	+	+	0.00442477876106195	41474185	53851160	-	+	Y	-	91.137083414973	N	simulation	2	0	1.36601307189542	1	56	1	N	N	0	0	153	1.25540579407361	1.37827529732337	1.37827529732337	1.25540579407361	4	-	0.0065359477124183	0.914794189743297
501	TTTTTTTTTTTTTTTTGTGGTTCAGAAGCAACAATATGCACAACGGTGGAACAGTCTGTGCTGTCCCCACCCCACCTGAACTCGCCAGTTCCTGTCTCCCAAGGGGCACAGAACACAGGCCCCCTGCCTGGCAGGACCCGACTTAGTTACAGGCCCCTGGGAGGGGCGAAGCCCTTAGGGGTCGAGGCCAGGAGG|TGGCAAGGTCCTGAGACCCCGAGCTGTCGCTATTGGGAGTGGGCAGAATGTTGTTCCACAGGGGTTGGAAGTAGTGACCATTGGGGTAGGCCAATGGGGCTGCCATGCCGTTGACTGGTGGGGATGGGGTCGGCTTTTCCAGGGGTGGCTTCAGATGGAAGGACTGCGCCAGGCAGAGTTCCTGCGGGTAGGCAGGGGCCTTGCCCACAAAGCCAGGCCCTGCCAACTCG	20	1	0.460781545709765	0.34748727008976	N	N	3.17870583721859	3.68680627146374	3.17870583721859	splitr	0	0	0	0	N	0	N	N	2	678	ENSG00000161835	ENSG00000173065	-	+	12	17	50695915	24193967	utr3p	coding	GRASP	C17orf63	50686991	24109415	+	-	0	50695734	24109687	-	-	Y	-	0.0234909478475033	N	simulation	1	0	1	1	0	1	N	N	0	0	70	1.06308831072616	1.26609009870402	1.26609009870402	1.06308831072616	1	-	0	0.601092992542995
960	CCAGGGATGTCAGACCCCCTGCCCAAACCTCTGCGGGACCCTCTGCCAGACCCTCTGCTGGACAAGCTCGTCCTCCCTGTGCTGCCCGGGGCCCTCCAGGCGAGGCCTGGGCCTCACACACAGGATCTCTCCGAGCAGCAATTCCCCATTCCTCTCCCCTATTGCTGGCTCTGCAGGGCTCTGATCAAGCGGATCCAAGCCATGATTCCCAAGGGTGCGCTAGCTGTGGCAGTGGCCCAGGTGTGCCGC|CGCTCATTGATGTCTACGGCATCACCGACGAGGTGCAGCTTCTGGAGAGCGCCTTCGCTGACACGCTGACGCCCGCGCGCCTCAGCCAGGCCCGCTTCAGCGCCTGCCTGCCGCCCAGCAGCCACGACGCGGCCAACTTCGACAACAACGAGCTCGAGAACAACCAGGTGGTGGCCAAGCTGGGCCACCTGGCGCTGGGCCGCGCCCCGGGCCCACCGCCAGCCGACGCCGCGGCCGCCGCCATTCCGTGCGGGCCCCG	72	0.733111907237435	0.83881278071154	0.548018702242542	N	N	3.12907935032238	3.78465029545248	3.12907935032238	splitr	0	0	0	0	N	0	N	N	556	840	ENSG00000168878	ENSG00000214357	+	-	2	5	85749375	172046533	coding	coding	SFTPB	NEURL1B	85737954	172000881	-	+	0	85744446	172029894	-	-	Y	-	-	N	simulation	1	0.174904942965779	1	1	0	1	N	N	0	0.174904942965779	128	1.33553807880171	1.4049860588994	1.4049860588994	1.33553807880171	3	-	-	0.924650796174805
894	ACTGGTTGCGTCGGGTCACGTGGGCGCGCAGGCGCAGCGCGGTGCAGCCCGTTCGCTCACACAAAGCCCAGACGCGGAGAAAATGGCGGCAGGGGTCGAAGCGGCGGCGGAGGTGGCGGCGACGGAGATCAAAATGGAGGAAGAGAGCGGCGCGCCCGGCGTGCCGAGCGGCAACGGGGCTCCGGGCCCTAAGGG|AAAAGAAAAAAGCAGGAGTATTTGAACAAATCACTAAGACTCATGGAACAATTATTGGCATTACTTCAGGGATTGTCTTGGTCCTTCTCATTATTTCTATTTTAGTACAAGTGAAACAGCCTCGAAAAAAGGTCATGGCTTGCAAAACCGCTTTTAATAAAACCGGGTTCCAAGAAGTGTTTGATCCTCCTCATTATGAACTGTTTTCACTAAGGGACAA	12	0.711664998711105	0.988770530773472	0.0977966660885957	N	N	3.19127570890251	3.14318615288597	3.14318615288597	splitr	1	0	0.00512820512820511	0	N	0.00512820512820511	N	Y	23	320	ENSG00000099783	ENSG00000171208	+	-	19	16	8459885	45735409	coding	coding	HNRNPM	NETO2	8415651	45672943	+	-	0.00512820512820511	8415995	45675213	+	+	Y	7.58498117125633	15.0845070422535	N	simulation	1	0	1	1	0	1	N	N	0	0	21	1.0951412246174	1.21266857555196	1.21266857555196	1.0951412246174	4	0.0952380952380952	0	0.92006618373512
423	TTTCCAGTTCTTTACGTCGGTGTTGCTTGAGAATGTGAATTTGGTCATCTCGGGCCAACTTTGCGCGTCCATCCCTCAGGACAACCTCGACATCGCCGGTGATCCAGCGGTAGCAGGGGAACTCGATGTAGTCCCCGTGGGGCGTCTTCAGCGTGATGTACTTCAGGTACCAGTCGTCATTCAGCCAGTACTTGCGCTTCTCGATTCTGACCAGCTGGATCTCGCCCAGTTCCTCGTCCACAGTCACGTCGTATGAATCCACC|TCAGGCTCCTTATCACCATCATGTCTGCAAAGTCCCAGTGGCCACACAATACAGCACATAGACAGATCCTGGATTGGGACACTGCAGTCTCTGGGAAGCCTAATTCAGCCACCTCCAT	42	1	0.633489459593176	0.345112793824632	N	N	3.51273879191798	3.43617966862227	3.43617966862227	splitr	4	0	1.11022302462516e-16	0	N	0.0593220338983049	N	Y	1797	0	ENSG00000012779	ENSG00000128253	-	+	10	22	45261567	30929464	coding	coding	ALOX5	RFPL2	45189635	30916425	+	-	0	45197937	30928320	-	-	Y	-	1	N	simulation	1	0.941605839416058	1	1	0	1	Y	N	0	0.941605839416058	76	1.3248537741713	0.731874867183338	1.3248537741713	0.731874867183338	4	-	0	0.625585493170358
490	GTTGGGAGGCGCTCCCCCAGGCCCTCCCGGCCCCGACATCTCCTCGCCCTGCGGCTCCTATAACCCCCACTCCCAGGGCCTGGTCACCTTTGCCACCCAGCTCTTCAACTTGCTCTCGGGTGAGGGTTACCTGGAATGGTCCCCTCTCTTCTATGGCTTCTACCCGCCCCGCCCACGCCTGGCGGTCACCTACCTGTGCTGGGCCTTTGCCGTTGGCCTCATCTGCCTCCTGCTCATCCTGCATC|GAAGAAAAAGTCAGCACTTTTTGAAGTGTCTGAGGTTATACCAGTCATGACAAATAATTATGAAGAAAATATCCTGAAAGGTGTGCGAGATTCCAGCTATTCCTTGGAAAGTTCCCTAGAGCTTTTACAGAAGGATGTGGTACAGCTCCATGCTCCTCGATATCAGTCTATGAGAAGGGATGTAATTGGCTGTACTCAGGAGATGGATTTCATTCTTTGGCCTCGGAATGATATTGAAAAAATCG	98	1	0.90877637198185	0.441833624438481	N	N	3.16633430462754	3.38127338926705	3.16633430462754	splitr	1	0	0.00408163265306127	0	N	0.00816326530612255	N	Y	666	1703	ENSG00000167608	ENSG00000112308	+	-	19	6	59368664	24828108	coding	coding	TMC4	C6orf62	59355659	24813146	-	-	0.00408163265306127	59363709	24824531	-	+	Y	-	-	N	simulation	1	0	1	1	0	1	N	N	0	0	146	1.36759099269295	1.39430175426899	1.39430175426899	1.36759099269295	4	-	-	0.905985437423712
988	TAGACATCTGAGAATTCATACAGGAGAAAAACCTTATGAATGCAGTGAATGTGGAAAAGGCTTCTCCCAGAACTCAGACCTCAGTATACATCAGAAAACTCATACCGGAGAGAAACACTATGAATGCAATGAATGTGGGAAGGCTTTCACAAGAAAATCAGCACTCAGGATGCATCAGAGAATCCACACGGGAGAGAAACCTTATGTATGCGCTGACTGTGGGAAGGCCTTCATCCAGAAATCACATTTCAA|TTGATACTAACAAAAAACGCAGCAGAGGGGATCCGACGTCAGAGCTTTTAGAATTACTTTTTTAAGCAGCTGTCTTCTGGCTGGGTGCGGTGGCTCATGCCTGTGATCCCAGCACTTTGGGAGGCGGGTGGATCACCTAAGGTCAGGAGTTCAAGACCAGCCTGGCCAACATGGTGCAACCCCGTCTTAGTAAAAATACAAAAATTGGCCTGGCGTGAGAGCGGGCACCTG	69	0.634707524721384	0.704882692126275	0.361996665779111	N	N	3.51001030496889	3.64127736852694	3.51001030496889	splitr	0	0	0	0	N	0	N	N	1801	152	ENSG00000147124	ENSG00000059145	+	-	X	16	47227289	1404701	coding	utr3p	ZNF41	C16orf28	47191352	1353207	-	-	0	47192749	1355366	-	+	Y	-	-	N	simulation	85	0.627049180327869	8.41803278688525	1	65	1	N	N	0	0.627049180327869	122	1.35156453574733	1.30348516491047	1.35156453574733	1.30348516491047	1	-	-	0.64018473158631
387	GTATGGGAGGCCATGGCCTTCGCCAGCATCTATAAGCTGGACAACCTTGTGGCCATTCTAGACATCAATCGCCTGGGCCAGAGTGACCCGGCCCCACTGCAGCACCAGATGGACATCTACCAGAAGCGGTGCGAGGCCTTCGGTTGGCATGCCATCATCGTGGATGGACACAGCGTGGAGGAGCTGTGCAAGGCCTTTGGCCAGGCCAAGCACCAGCCAACAGC|GGGGCTGTCTGTAAGGAGCCACAGGAGGAGGTGGTTCCTGGCGGGGGCCGCAGCAAGAGGGATCCAGATCTCTACCAGCTGCTCCAGAGACTCTTCAAAAGCCACTCATCTCTGGAGGGATTGCTCAAAGCCCTGAGCCAGGCTAGCACAGATCCTAAGGAATCAACATCTCCCGAGAAACGTGACATGCATGACTTCTTTGTGGGACTTATGGGCAAGAGGAGCGTC	32	1	0.829815267780021	0.393563716565363	N	N	3.12970184493833	3.48908677906663	3.12970184493833	splitr	0	0	0	0	N	0.03125	N	N	262	216	ENSG00000163931	ENSG00000166863	+	-	3	12	53265078	55696592	coding	coding	TKT	TAC3	53234715	55690053	-	-	0	53242250	55695791	-	+	Y	-	-	N	simulation	1	0	1	1	0	1	N	N	0	0	65	1.19129996629113	1.23937933712799	1.23937933712799	1.19129996629113	1	-	-	0.796908661684847
862	ACCTGCGGCCATGGATGAGGAGCGCGCCCTCTACATCGTCCGGGCCGGCGAAGCAGGGGCTATCGAGCGGGTCCTGAGGGATTACAGCGACAAGCATAGGGCTACTTTCAAATTTGAATCAACAGATGAAGATAAAAGAAAGGCACCCGAAATGTGAGATTTGATGGAGAACATAAAGCTTTGACATTAAACTAGTTATAGCGTTGACAGAAAACAGAAGATCATGCTTGCCAGT|GTACAACCTGGGTTAGTGAAATTGTGTATATGATCTATAAAGAGGGTGATGTGGAAAAGTGCAAAGAAGATGTAATTTTTAATCGAATACCTTTCCTGGAATGCAGAAAAGAAAACCTCATGAATGGAGTAAAACAATTAGATGAGATGAATTCTCCTAGAATTGTGAAGACTCATTTGCCACCTGAACTTCTTCCTGCCTCATTTTGGGAAAAGGATTGTAAGATAATCTATCTTTGCCGG	9	0.707959334161421	0.792920378712042	0.524822843359669	N	N	3.67849247003875	3.39657174790006	3.39657174790006	splitr	0	0	0	0	N	0	N	Y	13	237	ENSG00000111785	ENSG00000109193	+	-	12	4	105807215	70760459	coding	coding	RIC8B	SULT1E1	105692529	70741520	+	-	0	105715977	70755733	+	+	Y	-	-	N	simulation	1	0	1	1	0	1	N	N	0	0	25	1.28211655564964	1.27677440333444	1.28211655564964	1.27677440333444	4	-	-	0.93940098481086
842	CTGGCTCTCTGTTGCCAGTGGTCATCATCGCAGTGGGTGTCTTCCTCTTCCTGGTGGCTTTTGTGGGCTGCTGCGGGGCCTGCAAGGAGAACTATTGTCTTATGATCACGTTTGCCATCTTTCTGTCTCTTATCATGTTGGTGGAGGTGGCCGCAGCCATTGCTGGCTATGTGTTTAGAGATAAGGTGATGTCAGAGTTTAATAACAACTTCCGGCAGCAGATGGAGAATT|GAAGGGCAGCCCCCCAAGGGCAAGGCCTCATCCCTTATCCCGACCTGTCTGAAGATACTGCAGTGAAAGCCCAAGTCCTTGGAAGCTTTCCCCAGTGAAGGACTGACTGGGGGCCTCACGCTTAACTGGTAGTGCCCACAAGCCTGGCAGCTGTAGAGCCGCGAACCTCCCCACACCTCCCTCACCGCGCAGGACCCTGAGTGAGGAGGAGGAGCTGGAAACCTGGGGTGGGTTGGCCAAAGGAGAACCTC	41	1	0.732454755132561	0.267454535042991	N	N	3.73656073943594	3.12639071616664	3.12639071616664	splitr	0	0	1.11022302462516e-16	0	N	1.11022302462516e-16	N	N	202	143	ENSG00000135404	ENSG00000187288	+	-	12	3	54409177	9895740	coding	coding	CD63	CIDEC	54405500	9883399	-	-	1.11022302462516e-16	54406801	9883883	-	+	Y	-	-	N	simulation	2	0	1.25	1	23	1	Y	N	0	0	92	1.27143225101923	1.39964390658419	1.39964390658419	1.27143225101923	2	-	-	0.845137325696542
438	TCAGAGGGACATCACTTTCCCTTTCAAATGCGGCTTTAGAGTAGGCCATGGCGTACTCAATCTCAGCGCCCCGCACCTCTGCCTTGAACTGTGTGAAGTACAGATAGGACTTCCCCTGGGGCCTCCAGATGGTGCAGGTGAAGTGCTGGTGGTCTTCGCTGGTCCCCAGACTCATCTGCCATTGCTCATTGGTCCCTCCTTGAGAGGCGTAAGTGAACATACACGTATATTTGTCC|TGGGCTCCGGCAGGACGATCCTCTTGCTGGCGCGGGCGGCCGGGGTCGCCTTGCTCTTCTCCATGGCCATCAGGTAACTGACATCGGCCAGCACAGCCTCCAGGTCCGCCATGTTGGCGAGCTTTGGCGGCGGCGGCGGCGGTTACTCCGGACCTGGACGGGACGCGCGCCCGCCGCCGCCGCCCGCCGCGCCCCGACCTGGGGGGGCCGCCCCGGGGCAGCCCCCCCCTCCGCGCGCCCCCGCCCC	24	0.881304852718844	0.985078359213665	0.275009165042574	N	N	3.82232940528072	3.26356941436947	3.26356941436947	splitr	2	0	0.00423728813559332	0	N	0	N	Y	218	13	ENSG00000074842	ENSG00000100077	-	+	19	22	4621415	24455238	coding	coding	C19orf10	ADRBK2	4608566	24290861	-	+	0.00847457627118642	4619657	24291120	+	+	Y	-	5.97872592047515	N	simulation	3	0.261904761904762	1.41509433962264	1	16	1	Y	N	0	0.261904761904762	53	1.31951162185609	1.34622238343213	1.34622238343213	1.31951162185609	4	-	0.0377358490566038	0.904950104247504
535	AAGCTCTACGCCAAGCTGCAGGCGGTGAAGGCGGAGATCCAGGACCAGCATGATGAGTATATCCGCGTGCGGCAGGACCTGGAGGAGGCGCAGAACGAGCAGACCCGCGAACTCAAGCTCAAGTACCTAATCATCGAGAACTTCATCCCGCCGGAGGAGAAGAACAAGATCATGAACCGGCTTTTCCTGGACTGTGAGGAGGAGCAGTGGAAGTTCCAGCCACTGGTGCCAGCCGGCGT|ACGGTGGAGCATGGCTTCCCGCACCAGCCCAGCGCCCTCGGCTACAGCCCGTCCCTGCGCATCCTGGCCATCGGCACCCGTTCTGGAGCCATCAAGCTCTACGGAGCCCCAGGCGTGGAGTTCATGGGGCTGCACCAGGAGAACAACGCTGTGACGCAGATCCACCTCCTGCCCGGCCAGTGCCAGCTGGTCACCCTGCTGGATGACAACAGCCTGCACCTTTGGAGCCTGAAGG	43	1	0.649713655401573	0.4757725598819	N	N	3.54503547576155	3.41679307359967	3.41679307359967	splitr	0	0	0	0	N	0.00425531914893629	N	Y	1301	1687	ENSG00000084731	ENSG00000073350	+	-	2	17	26059122	71082884	coding	coding	KIF3C	LLGL2	26002959	71033372	-	+	0	26028162	71063722	-	-	Y	-	-	N	simulation	1	0	1	1	0	1	N	N	0	0	64	1.27677440333444	1.3248537741713	1.3248537741713	1.27677440333444	4	-	-	0.93055623088513
397	GACTCTGGGAGAGGGAGAGTTTGGAGCTGTGATGGAAGGCCAGCTCAACCAGGACGACTCCATCCTCAAGGTGGCTGTGAAGACGATGAAGATTGCCATCTGCACGAGGTCAGAGCTGGAGGATTTCCTGAGTGAAGCGGTCTGCATGAAGGAATTTGACCATCCCAACGTCATGAGGCTCATCGGTGTCTGTTTCCAGGGTTCTGAACGAGAGAGCTTCCCAGCACCTGTGGTCATC|CATAAGAGAATTCATACTAGAGAGAAACCCTATGCCTGTGAAGAATGTGGCCAAGCCTTTAGCTTATCCTCGAACCTTATGAGACATAGGAGAATTCATACTGGAGAGAAACCCTACACATGTGAAGAATGTGGCCAAGACTTTAGGCGCTCCTCAGCACTTACTATCCACAAGAGAATTCATACTGGAGAGAGACCCTACAAATGTGAAGAGTGTGGCAAAGTCTTTAGCTTATCCTCAACCCTCACTGACCACA	69	0.991327709586656	0.745443937918443	0.458647581378138	N	N	3.65488030998075	3.48912663185998	3.48912663185998	splitr	0	0	0	0	N	0	N	N	1497	457	ENSG00000167601	ENSG00000185177	+	-	19	7	46459510	57211513	coding	coding	AXL	ZNF733	46416948	57191270	+	-	0	46450643	57192037	+	+	Y	-	-	N	simulation	99	0	6.92708333333333	1	78	1	Y	N	0	0	96	1.31416946954089	1.42101251584502	1.42101251584502	1.31416946954089	1	-	-	0.754690506739093
971	TTTGGGGGCCTTCAGCTCCAGGACCTGCTCCCTCTGCCTCTGCAACGGCTCCAGCAGTATGAGAATCTCGTCGTAGCTTTGGCTGAAAACACAGGTCCCAACAGCCCTGACCATCAACAGCTCACACGGGCTGCCCGACTGATAAGTGAGACTGCCCAGAGAGTCCATACTATTGGTCAGAAACAGAAGAATGACCAGCACCTTCGGCGTGTCCAGGCTCTGCTCAGTGGACGCCAGGCAAAGGGGCTGACCTCAG|AAAAAGGAAGTGGGGATAAATGGTCAAACAAGCAACTCTTCTTGGATGCCATTCACCCTACAGAAGCCATATTTTCAGAAGACAGAAACACCATGGAGCCTGTTCATAAGGTTAAAAATATCCCATCCATTTTCAACACTCCAGAGCCAACAACAACGCAAGAACCTTTGGTGGGCAGCCAAAAGAGAAAAGCAAGGAAAACCAAGATTACACACCTTGTCAGGACAGCAGATGGCCGGGTATCACCAGCAGG	57	0.961934286760007	0.850843337047859	0.399467103074983	N	N	3.40591861909494	3.29595938416888	3.29595938416888	splitr	6	0	0.0118577075098815	0	N	0.0118577075098815	N	N	520	689	ENSG00000137135	ENSG00000114439	+	-	9	3	35659610	109007879	coding	coding	C9orf100	BBX	35649341	108724480	-	+	0	35652943	108991408	-	-	Y	-	-	N	simulation	1	0	1	1	0	1	Y	N	0	0	142	1.37827529732337	1.37293314500816	1.37827529732337	1.37293314500816	3	-	-	0.902895467413975
932	AGAATTATCAAGCTGGTGGTTCTGAGAATTACCATGAATTATTAGAGAATTTACAATTCTCTCCTGGCATTGAGGTCAAAATTTCCAATGATGAAGCCAATGCTAATGCAAATCTCCATGGCGATCCTTCTGAGAATTATCGTGGGCCACAGGTGTCTCCTGGCAGTGAGAAGAGTGTTTCCAGTAAA|GTGGAGGAGTCGGCAGAGCAGGCACAGCGGTGCGACGAGATGCTGCTTCTCAGAGCTGCTGTCCAACCTGCACTCGCGTGGGAACAAGAAGACACTCGTGGTGGAGGAGTCGGCAGAGCA	23	0.435034375596814	0.693358437274749	0.386286083095421	N	N	3.44296588673741	3.15372458015027	3.15372458015027	splitr	1	0	0.0083333333333333	0	N	0.0083333333333333	N	Y	129	0	ENSG00000153498	ENSG00000205122	+	-	13	15	112137004	100116515	coding	coding	C13orf28	AC107977.13-5	112078634	100115877	+	+	0.0083333333333333	112103479	100116381	+	-	Y	-	-	N	simulation	79	0	49.9090909090909	10	11	1	N	N	0	0	11	0.870770827378717	0.352582052803652	0.870770827378717	0.352582052803652	3	-	-	0.759565149217402
692	GTAGTAGATTTGGAAAGGCAACACGCTGGCCAGCATCAGGTCCGTGACGCTCAGGTTGATCATGAAGATGACCGACGGGGATCTGGGCCCCATGCGCCGGCACAGCACCCACAGAGAGAAGAGGTTGCCCGGGATGCTGACCGCCGCCACCAGCGAGTACACCACGGGCAGGGCCACCGCGATCGCCGGGTTCCGCAGCATCTGCAGCGTCGCGTTGTCCGGGCCGGTGCTGTTCGGGACCTGCATCCTGGAGGGGTCCTCGCCCGGGCT|CATCTTGGTTCTCCTGGGGGACAGCAGGACCCAGAAGCAGCAGCAGAGACAGCAGGACAGGCACCATTCTTACCATTGTGTCTGCTTGGAGGGTTCTGGGCAGGAGGCACAGATATTATC	40	1	0.478109635608144	0.468122702206923	N	N	3.36191729946799	3.4561676006071	3.36191729946799	splitr	1	0	0.0083333333333332	0	N	0.0083333333333332	N	Y	3453	0	ENSG00000182162	ENSG00000160862	-	+	X	7	1616000	99411623	intron	coding	P2RY8	AZGP1	1541468	99402290	-	-	0.0083333333333332	1545475	99411504	+	-	Y	82.3340384135695	1	N	simulation	3	0	2.42372881355932	1	49	1	N	N	0	0	59	1.22869503249758	0.705164105607304	1.22869503249758	0.705164105607304	4	0.0847457627118644	0	0.954482816488927
820	TTTTAAGACGCCTTTACAGGAGAGTGCGACCATGGCTGTAGTAAAAGGTAACAAGGACGTCTTTGTGTGCATGCCCACAGGGGCAGGAAAATCCCTATGCTATCAGCTCCCTGCTCTGTTGGCCAAAGGCATCACCATTGTAGTCTCTCCTCTCATTGCTTTGATTCAGGACCAAGTGGACCACTTGCTAACCCTAAAGGTACGAGTAAGTTCCCTGAACTCGAAGCTCTCTGCA|GACAATTCCAATACCTCCACACAGGACACTAGAGTAAGAAACCTTCACAGTTAGAACGCAGTGCTGTGCGGAGGCCTTAACTTGAGTTCTGTTTTGCACCTGGATTTACCAGCACATCAAAGCTGCTTCGCAAGCCCCCTCATTAGCAGGGCTTATCTGGGGGAGCTGCTGATGGAGTCCTCGCTGCTCATGCCCACAGCCCTCCCAGAGTGCTATGCGAGTGGCTGCCGTGCAGTTGGGG	85	0.99045620633341	0.927616319200752	0.389534607210518	N	N	3.60103760561896	3.47695798776018	3.47695798776018	splitr	0	0	0	0	N	0	N	N	215	1001	ENSG00000108469	ENSG00000128262	+	-	17	22	71174864	22991492	coding	utr3p	RECQL5	POM121L9P	71134546	22977589	-	+	0	71170607	22990242	-	-	Y	-	-	N	simulation	7	0	6.64161849710983	1	172	1	N	N	0	0	173	1.27677440333444	1.29814301259526	1.29814301259526	1.27677440333444	1	-	-	0.78216493257194
927	AAATAGAAGAAATGAACAAAAACTTAAATCACAGTTTGTTATTAAGTAATATCTGAAATGAATTAGAAAGAAACCATAAGCCTTAACAATACTCCAATCACAGTTAAATTAATTTAGACAGAAAAGCAAATAGCAATTGACTTGAAAATAAGAAGTGGAGCCGAAGGTGGATACAAGAAATCCAGGAGGGCTAAGATAAATCCCAAATCCAATGTTCATCAATGCCTACACATTCAGTACAACCTGAT|TTTTTAATGCATAAAAGTATAATTGAAATCTGTGGTATTTATTTACAAACATGTCTACAAAAATAGATTACAGCTTATTTTATTTTTAGTTAAATCTCTTAATACACAGAGAACTCCCAATCTTGCTCATCTAAATAAGGAAAGACTTGGTGTATAGTGTGATGGTTTAGTCTTAAGGATTAAGACATTTTTGGTACTTGCATTTGACTTACGATGTATCTGTG	75	1	0.943942415846143	0.361278675067649	N	N	3.58589773328548	3.08255723040904	3.08255723040904	splitr	0	0	1.11022302462516e-16	0	N	0	N	N	1467	806	ENSG00000042304	ENSG00000111711	+	-	2	12	228206280	21562358	utr3p	utr3p	C2orf83	GOLT1B	228183051	21546016	-	+	1.11022302462516e-16	228183322	21561290	-	-	Y	-	-	N	simulation	1	0	1	1	0	1	N	N	0	0	112	1.33019592648651	1.30348516491047	1.33019592648651	1.30348516491047	1	-	-	0.796085053196159
873	TGATAGCGGAAGCCCACTCACGGCCTGTCCATCAAATCTGCCAAAATAAAGGTTCATCATTTACAACCCAACAGCCTCAGGCTTATAACCTTTTCCTGACCACGGCCATTGGCGATGGGATGAGACTGTGGGACCTGAGAACCCTGAGGTGTGAGCGCCACTTTGAAGGGCATCCAACCCGCGGCTATCCATGTGGAATCGCTTTCAGTCCTTGTGGACGATTCGCGGCTTGTGGGGCCGAGGACAGACAC|AAAACAATTTGAAGAAATGGCCTCTTATTTTAACTCGTCTTCTGTAAACGAATTTGCTAAACATATAACCAATGCCACATCAGAAGAACGACAGAAAATGCTAAGAGACTTTTATGCTTCTCAATATCCAGAGGTAAAAGAATTTTTTGTGGATTCTGTGTCACAATTCAACAATTCTTCCTTTGAGAAAGGAGAGCAGCGCACCCGGAAGAAATCTGATAAAAGAGAATCTCTTATA	84	1	0.892650963069967	0.357228351850837	N	N	3.54144175291192	3.48639814491089	3.48639814491089	splitr	0	0	0	0	N	0	N	Y	2807	2341	ENSG00000184465	ENSG00000204330	+	-	6	9	169844084	97816670	coding	coding	WDR27	AL159167.23-2	169599232	97774970	-	+	0	169744240	97814328	-	-	Y	-	-	N	simulation	1	0	1	1	0	1	N	N	0	0	140	1.36224884037775	1.29814301259526	1.36224884037775	1.29814301259526	4	-	-	0.90869582020868
631	TACAGCATCAACATTATCAACACCGTTACATGCTGGTATTGATGAGAATTATCAAGCTGGTGGTTCTGAGAATTACCATGAATTATTAGAGAATTTACAATTCTCTCCTGGCATTGAGGTCAAAATTTCCAATGATGAAGCCAATGCTAATGCAAATCTCCATGGCGATCCTTCTGAGAATTATCGTGGGCCACAGGTGTCTCCTGGCAGTGAGAAGAGTGTTTCCAGTAAA|GTGGAGGAGTCGGCAGAGCAGGCACAGCGGTGCGACGAGATGCTGCTTCTCAGAGCTGCTGTCCAACCTGCACTGGCGTGGGAACGAGAAGACACTCGTGGAGGCGTCGGCAGAGCAGGCAGACCAAGGAGTTCATAAAAAAAAAAAAAAAAAAAAAA	23	1	0.693358437274749	0.386286083095421	N	N	3.44296588673741	3.15372458015027	3.15372458015027	splitr	1	0	0.00632911392405067	0	N	0.00632911392405067	N	N	129	0	ENSG00000153498	ENSG00000205124	+	-	13	15	112137004	100114072	coding	coding	C13orf28	AC107977.13-4	112078634	100113714	+	+	0	112103478	100113937	+	-	Y	-	-	N	simulation	83	0	30.4109589041096	7	73	1	N	N	0	0	73	1.17527350934551	0.860086522748303	1.17527350934551	0.860086522748303	2	-	-	0.821460511572228
497	AGCCGGGTCCAGCCGGAGCCATGGGGCCGGAGCCGCAGTGAGCACCATGGAGCTGGCGGCCTTGTGCCGCTGGGGGCTCCTCCTCGCCCTCTTGCCCCCCGGAGCCGCGAGCACCCAAGTGTGCACCGGCACAGACATGAAGCTGCGGCTCCCTGCCAGTCCCGAGACCCACCTGGACATGCTCCGCCACCTCTACCAGGGCTGCCAGGTGGTGCAGGGAAACCTGGAACTCACCTACCTGCCCACCAATGCC|AGGCGGTGGATGCAGTTGGGTGCATTTTATCCGTTTTCTAGAAATCACAATGGCCAAGGCTACAAGGACCAGGATCCTGCCTCCTTTGGAGCTGACTCCCTGCTGTTGAATTCCTCCAGGCACTACCTTAACATCCGCTATACTCTATTGCCCTACCTATACACCCTCTTCTTCCGTGCTCACAGCCGAGGGGACACGGTGGCCAGGCCCCTTTTGCATGAGTTCTACGAGGACAACAGCACTTGGG	21	1	0.535704886099182	0.467913743111145	N	N	3.30488209984069	3.46551447180198	3.30488209984069	splitr	2	0	0.0080971659919028	0	N	0.0121457489878543	N	N	64	1043	ENSG00000141736	ENSG00000179087	+	-	17	7	35138441	141453015	coding	coding	ERBB2	MGAM	35104766	141342148	+	+	0	35116902	141382489	+	-	Y	-	-	N	simulation	1	0	1	1	0	1	Y	N	0	0	41	1.38361744963857	1.31416946954089	1.38361744963857	1.31416946954089	1	-	-	0.703250371711424
405	TGTGGGCTCCTACCAGTGCCTCTGTCCCCAGGGCTTCCAGCTGGCCAATGGCACCGTGTGTGAGGATGTGAATGAGTGCATGGGGGAGGAGCACTGCGCACCCCACGGCGAGTGCCTCAACAGCCACGGGTCTTTCTTCTGTCTGTGCGCGCCTGGCTTCGTCAGCGCAGAGGGGGGCACCAGCTGCCAGGATGTGGACGAGTGTGCCACCACAGACCCGTGTGTGGGAGG|GCTGTCCAATACCACCATGCTGCCAAGGCCAAGTTTCTCTGTATAATGTGTTGCAGTAACATCAGCTATGAAAGGGATGGAGAACAAGATAATTGTGAAATAGAAACAAGCAATGGATTATCAGCTCTCTTGGAAGAATTTGAGATTGTTAGCTGTCCCAGCATGGCTGCCACTTTGTATACCATTAAACAGAAAATTGATGAAAAAAATCTGAGCAGCATTAAGGTAATTGTACCCAGGCACAGGAAG	62	1	0.935942527159754	0.494713931433632	N	N	3.16356596488511	3.57336771439491	3.16356596488511	splitr	2	0	1.11022302462516e-16	0	N	1.11022302462516e-16	N	N	3273	1496	ENSG00000119681	ENSG00000179630	+	-	14	13	74148787	43364367	coding	coding	LTBP2	C13orf31	74034642	43351969	-	+	1.11022302462516e-16	74044512	43353209	-	-	Y	-	0.0132948100578219	N	simulation	1	0	1	1	0	1	N	N	0	0	102	1.26609009870402	1.34088023111692	1.34088023111692	1.26609009870402	3	-	0.0196078431372549	0.915876336800055
